Project,FilePath,ClassName,ClassType,Status,ReplacedBy,Notes
UnifiedLogin.LandingAPI,CoreMigration/UnifiedLogin.LandingAPI/Controllers/AccessController.cs,AccessController,Controller,Converted,IManageSecurityAsync,New IManageSecurityAsync + ManageSecurityAsync (Task.FromResult stepping-stone); CancellationToken added
UnifiedLogin.LandingAPI,CoreMigration/UnifiedLogin.LandingAPI/Controllers/ActivityController.cs,ActivityController,Controller,Converted,IProductService,IManageProduct → IProductService; Task.Run removed; ListProductsAsync; LogActivity.WriteActivity called directly (fire-and-forget audit log)
UnifiedLogin.LandingAPI,CoreMigration/UnifiedLogin.LandingAPI/Controllers/BatchProcessController.cs,BatchProcessController,Controller,Converted,IBatchProcessServiceAsync,New IBatchProcessServiceAsync + BatchProcessServiceAsync (Task.FromResult stepping-stone wrapping 4 concrete batch logic classes); new-inside-action anti-pattern encapsulated; CancellationToken added to all 4 actions
UnifiedLogin.LandingAPI,CoreMigration/UnifiedLogin.LandingAPI/Controllers/BlueBookController.cs,BlueBookController,Controller,Converted,IManageBlueBookAsync,Injected IManageBlueBookAsync (already existed); Task.Run() removed; CancellationToken added; no new LogicAsync files needed
UnifiedLogin.LandingAPI,CoreMigration/UnifiedLogin.LandingAPI/Controllers/ConfigurationSettingController.cs,ConfigurationSettingController,Controller,Converted,IManageConfigurationSettingAsync,New IManageConfigurationSettingAsync + ManageConfigurationSettingAsync (Task.FromResult stepping-stone); Task.Run removed; CancellationToken added to all 4 actions
UnifiedLogin.LandingAPI,CoreMigration/UnifiedLogin.LandingAPI/Controllers/ContactMechanismController.cs,ContactMechanismController,Controller,Converted,IContactMechanismRepositoryAsync,Direct repo swap IContactMechanismRepository→IContactMechanismRepositoryAsync; unused IManageContactMechanism removed; Task.Run removed; CancellationToken added
UnifiedLogin.LandingAPI,CoreMigration/UnifiedLogin.LandingAPI/Controllers/ContactMechanismUsageTypeController.cs,ContactMechanismUsageTypeController,Controller,Converted,IContactMechanismUsageTypeRepositoryAsync,Direct repo swap to IContactMechanismUsageTypeRepositoryAsync; CancellationToken added
UnifiedLogin.LandingAPI,CoreMigration/UnifiedLogin.LandingAPI/Controllers/CredentialController.cs,CredentialController,Controller,Converted,IManageCredentialAsync + IUserLoginRepositoryAsync,New IManageCredentialAsync + ManageCredentialAsync (Task.FromResult); IUserLoginRepository → IUserLoginRepositoryAsync; removed dead ILogger param; SetTemporaryPassword new-inside-action encapsulated via SetTemporaryPasswordAsync(userClaim); all 13 actions await; CancellationToken added
UnifiedLogin.LandingAPI,CoreMigration/UnifiedLogin.LandingAPI/Controllers/ElectronicAddressController.cs,ElectronicAddressController,Controller,Converted,IElectronicAddressRepositoryAsync + IContactMechanismRepositoryAsync,Consolidated 3 sync deps to 2 async repos; all 3 actions use sequential awaits with CancellationToken
UnifiedLogin.LandingAPI,CoreMigration/UnifiedLogin.LandingAPI/Controllers/EmailController.cs,EmailController,Controller,Converted,IManageEmailAsync,New IManageEmailAsync + ManageEmailAsync (truly async via await httpClient.SendAsync); Task.Run() removed
UnifiedLogin.LandingAPI,CoreMigration/UnifiedLogin.LandingAPI/Controllers/EmployeeAccessController.cs,EmployeeAccessController,Controller,Converted,IManageEmployeeAccessAsync,New IManageEmployeeAccessAsync + ManageEmployeeAccessAsync (Task.FromResult stepping-stone); retry logic moved from controller to LogicAsync
UnifiedLogin.LandingAPI,CoreMigration/UnifiedLogin.LandingAPI/Controllers/MultiFactorAuthController.cs,MultiFactorAuthController,Controller,Converted,ITwoFactorLogicAsync,New ITwoFactorLogicAsync + TwoFactorLogicAsync (truly async via ITwoFactorRepositoryAsync + IUserLoginRepositoryAsync)
UnifiedLogin.LandingAPI,CoreMigration/UnifiedLogin.LandingAPI/Controllers/OrganizationController.cs,OrganizationController,Controller,Converted,IManageOrganizationAsync + IManageOrganizationProductAsync + IManageCustomFieldsAsync + IManageUserLoginAsync + IManagePartyRelationshipAsync + IManageBlueBookAsync + IManageProductAsync + IManageCredentialAsync + IManagePersonAsync + IManagePersonaAsync,God-Controller 28 actions; 14→12 deps (removed IProductInternalSettingRepository+IManageProductOneSite unused); new ManageOrganization(userClaim) anti-pattern replaced via userClaim overloads on IManageOrganizationAsync; RecreateClaimsForClientAsync returns DefaultUserClaim (ref not allowed in async); Parallel.ForEach preserved with GetAwaiter().GetResult() in sync lambdas; 7 new LogicAsync wrappers + DI registrations added
UnifiedLogin.LandingAPI,CoreMigration/UnifiedLogin.LandingAPI/Controllers/PartyRelationshipController.cs,PartyRelationshipController,Controller,Converted,IPartyRelationshipRepositoryAsync,Injected IPartyRelationshipRepositoryAsync directly (no Logic layer needed — controller already thin); Task.Run() removed; CancellationToken added to both actions; inline result object construction
UnifiedLogin.LandingAPI,CoreMigration/UnifiedLogin.LandingAPI/Controllers/PasswordPolicyController.cs,PasswordPolicyController,Controller,Converted,IManagePasswordPolicyAsync,Injected IManagePasswordPolicyAsync; CancellationToken added to all 3 actions; Task.Run() removed; await chain end-to-end
UnifiedLogin.LandingAPI,CoreMigration/UnifiedLogin.LandingAPI/Controllers/PersonaController.cs,PersonaController,Controller,Converted,IManagePersonaAsync + IProductService + IProductInternalSettingRepositoryAsync + IManageUserRoleRightAsync,4 sync deps replaced with async equivalents; IManageProduct→IProductService (GetAssignedProductsByPersonaAsync + UpdateProductSettingAsync); IProductInternalSettingRepository→IProductInternalSettingRepositoryAsync; IManageUserRoleRight→IManageUserRoleRightAsync; GetPersonaWithRightsToggle→GetPersonaAsync(withRights:false); all 6 actions genuinely async with CancellationToken
UnifiedLogin.LandingAPI,CoreMigration/UnifiedLogin.LandingAPI/Controllers/PersonaV2Controller.cs,PersonaV2Controller,Controller,Converted,,ALREADY uses IManagePersonaAsync + IProductService + IManageUserRoleRightAsync; reference implementation
UnifiedLogin.LandingAPI,CoreMigration/UnifiedLogin.LandingAPI/Controllers/PersonController.cs,PersonController,Controller,Converted,IManagePersonAsync + IProfileService + IManagePersonaAsync + IManageCustomFieldsAsync + IManageUserLoginAsync + IManageUnifiedSettingsAsync,6 sync deps → 6 async; IManageProfile.ListProfileDetails(globals) → IProfileService.ListPersonsAsync(null realPageId null datafilter isExport ct); globals dict anti-pattern eliminated; GetUnifiedSettingsForOperator private helper inlined as await GetCompanyInternalSettingsAsync; IManagePersonAsync extended with CreatePersonAsync+UpdatePersonAsync; IProfileService registered in DI; all 7 actions genuinely async with CancellationToken
UnifiedLogin.LandingAPI,CoreMigration/UnifiedLogin.LandingAPI/Controllers/PostalAddressController.cs,PostalAddressController,Controller,Converted,IManageContactMechanismAsync + IManageStreetAddressAsync + IManageGeographicBoundaryAsync + IManagePostalAddressAsync,5 sync deps → 4 async (IPostalAddressRepository unused so dropped); Task.Run() blocks unwrapped into sequential awaits; new IManageContactMechanismAsync + IManageStreetAddressAsync + IManageGeographicBoundaryAsync + IManagePostalAddressAsync wrappers created; all 3 actions genuinely async with CancellationToken
UnifiedLogin.LandingAPI,CoreMigration/UnifiedLogin.LandingAPI/Controllers/PreferredContactMethodController.cs,PreferredContactMethodController,Controller,Converted,IPreferredContactMethodRepositoryAsync,Direct repo swap to IPreferredContactMethodRepositoryAsync; CancellationToken added; DI registration fix in BusinessLogicExtensions.cs
UnifiedLogin.LandingAPI,CoreMigration/UnifiedLogin.LandingAPI/Controllers/ProductAdminSupportPortalController.cs,ProductAdminSupportPortalController,Controller,Converted,IManageProductAdminSupportPortalAsync + IManagePersonaAsync,new ManageProductAdminSupportPortal(userClaim) anti-pattern encapsulated in IManageProductAdminSupportPortalAsync (userClaim passed per-call since legacy class requires it at ctor time); IManagePersona→IManagePersonaAsync; Task.Run() removed from all 5 actions; ListClientPortalMigrationUsers reflection-based IsError check replaced with structured persona null check → 403; CancellationToken added to all 5 actions
UnifiedLogin.LandingAPI,CoreMigration/UnifiedLogin.LandingAPI/Controllers/ProductAssetOptimizationController.cs,ProductAssetOptimizationController,Controller,Converted,IManageProductAssetOptimizationAsync + IManagePersonaAsync,new ManageProductAssetOptimization(userClaim) anti-pattern encapsulated in IManageProductAssetOptimizationAsync (userClaim passed per-call); IManagePersona→IManagePersonaAsync; Task.Run() removed from all 9 actions; ListAssetOptimizationMigrationUsers reflection-based IsError check replaced with structured persona null check → 403; result?.IsError==true Forbidden checks preserved for 6 GET actions; CancellationToken added to all 9 actions
UnifiedLogin.LandingAPI,CoreMigration/UnifiedLogin.LandingAPI/Controllers/ProductController.cs,ProductController,Controller,Converted,IManageProductAsync + IUserLoginRepositoryAsync + ISamlRepositoryAsync + IProductRepositoryAsync + IManageBlueBookAsync + IManagePersonaAsync,6 sync deps swapped to async equivalents; IManageProductAsync extended with 9 new methods (GetProductUsersAsync/GetProductFamiliesAsync/GetProductSettingByTypeAsync/CreateProductSettingAndLinkToConfigurationAsync/ListProductSettingTypeAsync/GetProductTypesAsync/ListProductsAsync/GetAdGroupsForProductAsync/GetAdGroupsForUserAsync); Task.Run() removed from 14 call sites; private GetPersonaAsync renamed GetAndValidatePersonaAsync to avoid name collision with injected IManagePersonaAsync; Task.Run() preserved only for static calls (LogActivity.WriteActivity+BaseUserRights.GetImpersonatedUserRights+rpsaml SAML legacy helpers); CancellationToken added to all public actions
UnifiedLogin.LandingAPI,CoreMigration/UnifiedLogin.LandingAPI/Controllers/ProductEasyLMSController.cs,ProductEasyLMSController,Controller,Converted,IManageProductEasyLMSAsync + IManageProductAsync + ISamlRepositoryAsync + IProductRepositoryAsync,Task.Run<IActionResult>() block unwrapped to sequential awaits; new ManagePersona() dead code removed; new ManageProduct(userClaim) replaced by IManageProductAsync.GetProductInternalSettingsAsync; new ManageProductEasyLMS(userClaim) encapsulated in IManageProductEasyLMSAsync (userClaim per-call); new ManageSaml() replaced by ISamlRepositoryAsync; new ProductRepository() replaced by IProductRepositoryAsync; private GetAsync renamed GetEasyLMSResponseAsync and made truly async (await client.GetAsync + await ReadAsStringAsync replacing .Result blocking); CancellationToken added to action and private helper
UnifiedLogin.LandingAPI,CoreMigration/UnifiedLogin.LandingAPI/Controllers/ProductInvokerController.cs,ProductInvokerController,Controller,Converted,IProductRepositoryAsync,Task.Run removed; IProductRepository → IProductRepositoryAsync; GetAllProductsAsync(ct) used; IIntegrationTypeFactory kept sync (in-memory)
UnifiedLogin.LandingAPI,CoreMigration/UnifiedLogin.LandingAPI/Controllers/ProductLead2LeaseController.cs,ProductLead2LeaseController,Controller,Converted,IManageProductLead2LeaseAsync,new-inside-ctor removed; IManageProductLead2LeaseAsync + IManagePersonaAsync injected; all 5 actions async with CancellationToken
UnifiedLogin.LandingAPI,CoreMigration/UnifiedLogin.LandingAPI/Controllers/ProductLearningPortalController.cs,ProductLearningPortalController,Controller,Converted,IManageProductAsync,new-inside-ctor removed; IManageProductAsync + ISamlRepositoryAsync + IProductRepositoryAsync + IHttpClientFactory injected; blocking .Result removed; AddActivityLogAsync uses IProductRepositoryAsync
UnifiedLogin.LandingAPI,CoreMigration/UnifiedLogin.LandingAPI/Controllers/ProductMarketingCenterController.cs,ProductMarketingCenterController,Controller,Converted,IManageProductMarketingCenterAsync,IManageProductMarketingCenterAsync + IManagePersonaAsync + IManagePerson + IManageUserLogin + IManageUserRoleRight injected; all 14 actions async with CancellationToken
UnifiedLogin.LandingAPI,CoreMigration/UnifiedLogin.LandingAPI/Controllers/ProductOneSiteAccountingController.cs,ProductOneSiteAccountingController,Controller,Converted,IManageProductOneSiteAccountingAsync,Hybrid: IManageProductOneSiteAccounting kept for sync ops; IManageProductOneSiteAccountingAsync added for per-call userClaim ops; Task.Run wrappers removed
UnifiedLogin.LandingAPI,CoreMigration/UnifiedLogin.LandingAPI/Controllers/ProductOneSiteController.cs,ProductOneSiteController,Controller,Converted,IManageProductOneSiteAsync,Task.Run removed from all 24 actions; new ManageProductOneSite(userClaim) in ListOneSiteMigrationUsers replaced with IManageProductOneSiteAsync.GetMigrationUsersAsync; IManagePersona replaced with IManagePersonaAsync; GetPersonaIdForUpfmAsync Task.Run removed; 8-param ctor
UnifiedLogin.LandingAPI,CoreMigration/UnifiedLogin.LandingAPI/Controllers/ProductOnSiteController.cs,ProductOnSiteController,Controller,Converted,IManageProductOneSiteAsync,Full refactor: new 3-param ctor (IUserClaimsAccessor + IManageProductOneSiteAsync + IManagePersonaAsync); all 6 actions use injected async services; Task.Run removed
UnifiedLogin.LandingAPI,CoreMigration/UnifiedLogin.LandingAPI/Controllers/ProductOpsController.cs,ProductOpsController,Controller,Converted,IManageProductOpsAsync,Task.Run removed from all actions; new ManageProductOps(userClaim) in ListOpsMigrationUsers replaced with IManageProductOpsAsync.GetMigrationUsersAsync; IManagePersona replaced with IManagePersonaAsync; GetPersonaIdForUpfmAsync Task.Run removed; 8-param ctor
UnifiedLogin.LandingAPI,CoreMigration/UnifiedLogin.LandingAPI/Controllers/ProductPanelController.cs,ProductPanelController,Controller,Converted,IManageProductPanel (sync kept),Task.Run removed from GetUserGroups and GetPropertiesPost; new ManagePerson/ManageUserLogin/ManageUserRoleRight/ManagePersona() in RecreateClaimsForClient replaced with injected deps; no new async interface needed
UnifiedLogin.LandingAPI,CoreMigration/UnifiedLogin.LandingAPI/Controllers/ProductProspectContactController.cs,ProductProspectContactController,Controller,Converted,IManageProductProspectContactAsync,Full refactor: new 3-param ctor (IUserClaimsAccessor + IManageProductProspectContactAsync + IManagePersonaAsync); all 4 actions use injected async services; Task.Run removed
UnifiedLogin.LandingAPI,CoreMigration/UnifiedLogin.LandingAPI/Controllers/ProductRentersInsuranceController.cs,ProductRentersInsuranceController,Controller,Converted,IManageProductRentersInsuranceAsync,Full refactor: new 3-param ctor (IUserClaimsAccessor + IManageProductRentersInsuranceAsync + IManagePersonaAsync); all 5 actions async; Task.Run removed; ManagePersona() → IManagePersonaAsync.GetPersonaAsync
UnifiedLogin.LandingAPI,CoreMigration/UnifiedLogin.LandingAPI/Controllers/ProductResidentPortalController.cs,ProductResidentPortalController,Controller,Converted,IManageProductResidentPortalAsync,Full refactor: new 3-param ctor (IUserClaimsAccessor + IManageProductResidentPortalAsync + IManagePersonaAsync); all 9 actions async; Task.Run removed; ObjectOutput<T> wrappers preserved (API contract)
UnifiedLogin.LandingAPI,CoreMigration/UnifiedLogin.LandingAPI/Controllers/ProductRPDMController.cs,ProductRPDMController,Controller,Converted,IManageProductRPDocumentManagementAsync,Surgical edits: 4-param ctor adds IManagePersonaAsync + IManageProductRPDocumentManagementAsync; sync actions use Task.FromResult; IManagePersona replaced with IManagePersonaAsync; migration action fully async
UnifiedLogin.LandingAPI,CoreMigration/UnifiedLogin.LandingAPI/Controllers/ProductRumController.cs,ProductRumController,Controller,Converted,IManageProductRumAsync,Full refactor: new 3-param ctor (IUserClaimsAccessor + IManageProductRumAsync + IManagePersonaAsync); all 7 actions async; Task.Run removed; GetRegionss typo preserved (no contract breaking)
UnifiedLogin.LandingAPI,CoreMigration/UnifiedLogin.LandingAPI/Controllers/ProductUserController.cs,ProductUserController,Controller,Converted,IManageProductUserAsync,Full refactor: new 2-param ctor (IUserClaimsAccessor + IManageProductUserAsync); all 4 actions async; Task.Run removed; used IManageProductUserAsync (not IUserService — CSV note was stale)
UnifiedLogin.LandingAPI,CoreMigration/UnifiedLogin.LandingAPI/Controllers/ProductVendorServicesController.cs,ProductVendorServicesController,Controller,Converted,IManageProductVendorServicesAsync,Full refactor: 3-param ctor (IUserClaimsAccessor + IManageProductVendorServicesAsync + IManagePersonaAsync); all 7 actions async; Task.Run removed; ListVendorServiceMigrationUsers uses GetPersonaAsync
UnifiedLogin.LandingAPI,CoreMigration/UnifiedLogin.LandingAPI/Controllers/ProfileController.cs,ProfileController,Controller,Converted,IManageProfileAsync,Full refactor: 2-param ctor (IUserClaimsAccessor + IManageProfileAsync); class-level fields removed; all 4 actions async; GetProfileDetail(org) bug preserved (returns empty Profile not profileDetail)
UnifiedLogin.LandingAPI,CoreMigration/UnifiedLogin.LandingAPI/Controllers/RelationshipTypeController.cs,RelationshipTypeController,Controller,Converted,IManageRelationshipTypeAsync,Full refactor: 2-param ctor (IUserClaimsAccessor + IManageRelationshipTypeAsync); both actions async; Task.Run removed
UnifiedLogin.LandingAPI,CoreMigration/UnifiedLogin.LandingAPI/Controllers/RoleTypeController.cs,RoleTypeController,Controller,Converted,IManageRoleTypeAsync,Full refactor: 3-param ctor (IUserClaimsAccessor + IManageRoleTypeAsync + IManagePersonaAsync); single action async; persona lookup in controller for User Role branch; Task.Run removed
UnifiedLogin.LandingAPI,CoreMigration/UnifiedLogin.LandingAPI/Controllers/SamlController.cs,SamlController,Controller,Converted,ISamlRepositoryAsync,Full refactor: 2-param ctor (IUserClaimsAccessor + ISamlRepositoryAsync); all 6 actions async; Task.Run removed; ProductRepository.ListProducts kept as direct sync (no async equivalent)
UnifiedLogin.LandingAPI,CoreMigration/UnifiedLogin.LandingAPI/Controllers/StatusTypeController.cs,StatusTypeController,Controller,Not-Converted,,Injected: IUserClaimsAccessor; new-inside-ctor → inject IStatusTypeRepositoryAsync
UnifiedLogin.LandingAPI,CoreMigration/UnifiedLogin.LandingAPI/Controllers/TelecommunicationNumberController.cs,TelecommunicationNumberController,Controller,Not-Converted,,Injected: IUserClaimsAccessor; new-inside-ctor → inject ITelecommunicationNumberRepositoryAsync
UnifiedLogin.LandingAPI,CoreMigration/UnifiedLogin.LandingAPI/Controllers/UnifiedLoginController.cs,UnifiedLoginController,Controller,Not-Converted,IUnifiedLoginServiceAsync,Injected: IUserClaimsAccessor; new IManageUnifiedLogin; new IManageOrganization; Task.Run(); ClaimsPrincipal.Current → replace with IManageUnifiedLoginAsync + IManageOrganizationAsync + IUnifiedLoginServiceAsync
UnifiedLogin.LandingAPI,CoreMigration/UnifiedLogin.LandingAPI/Controllers/UnifiedSettingsController.cs,UnifiedSettingsController,Controller,Not-Converted,IManageUnifiedSettingsAsync,Injected: IUserClaimsAccessor; new-inside-ctor → replace with IManageUnifiedSettingsAsync (already exists)
UnifiedLogin.LandingAPI,CoreMigration/UnifiedLogin.LandingAPI/Controllers/UserController.cs,UserController,Controller,Not-Converted,IUserService,Injected: IUserClaimsAccessor; new-inside-ctor; CreateUser/UpdateUser most complex → replace with IUserService + IUserCreationService + IUserQueryService (all already exist)
UnifiedLogin.LandingAPI,CoreMigration/UnifiedLogin.LandingAPI/Controllers/UserLoginController.cs,UserLoginController,Controller,Not-Converted,IManageUserLoginAsync,Injected: IUserClaimsAccessor; new IManageUserLogin; new IRepositoryResponse; IRepository(opt); Task.Run() → replace with IManageUserLoginAsync + IUserService
UnifiedLogin.LandingAPI,CoreMigration/UnifiedLogin.LandingAPI/Controllers/UserNotificationController.cs,UserNotificationController,Controller,Not-Converted,,Injected: IUserClaimsAccessor; new-inside-ctor → inject ICommunicationEventRepositoryAsync
UnifiedLogin.LandingAPI,CoreMigration/UnifiedLogin.LandingAPI/Controllers/UserPropertiesSyncController.cs,UserPropertiesSyncController,Controller,Not-Converted,IUnifiedLoginServiceAsync,Injected: IUserClaimsAccessor; new-inside-ctor; RecreateClaimsForClient dupe → replace with IUnifiedLoginServiceAsync
UnifiedLogin.LandingAPI,CoreMigration/UnifiedLogin.LandingAPI/Controllers/UserPropertyController.cs,UserPropertyController,Controller,Not-Converted,,Injected: IUserClaimsAccessor; new-inside-ctor → inject IUserService or IUserQueryService
UnifiedLogin.LandingAPI,CoreMigration/UnifiedLogin.LandingAPI/Controllers/WebHookController.cs,WebHookController,Controller,Not-Converted,IWebHookServiceAsync,Injected: 8 new-anti-pattern deps; System.Runtime.Caching; Task.Run(); AllowAnonymous POST webhook/books → replace with IWebHookServiceAsync; preserve AllowAnonymous
UnifiedLogin.BusinessLogic,CoreMigration/UnifiedLogin.BusinessLogic/LogicAsync/ManagePersonaAsync.cs,ManagePersonaAsync,Logic,Converted,,Implements IManagePersonaAsync; used by PersonaV2Controller (reference implementation)
UnifiedLogin.BusinessLogic,CoreMigration/UnifiedLogin.BusinessLogic/LogicAsync/ManageUserRoleRightAsync.cs,ManageUserRoleRightAsync,Logic,Converted,,Implements IManageUserRoleRightAsync; used by PersonaV2Controller
UnifiedLogin.BusinessLogic,CoreMigration/UnifiedLogin.BusinessLogic/LogicAsync/ManageBlueBookAsync.cs,ManageBlueBookAsync,Logic,Converted,,Implements IManageBlueBookAsync; async replacement for IManageBlueBook
UnifiedLogin.BusinessLogic,CoreMigration/UnifiedLogin.BusinessLogic/LogicAsync/ManageUnifiedLoginAsync.cs,ManageUnifiedLoginAsync,Logic,Converted,,Implements IManageUnifiedLoginAsync; async replacement for IManageUnifiedLogin
UnifiedLogin.BusinessLogic,CoreMigration/UnifiedLogin.BusinessLogic/LogicAsync/ManageUnifiedSettingsAsync.cs,ManageUnifiedSettingsAsync,Logic,Converted,,Implements IManageUnifiedSettingsAsync; async replacement for IManageUnifiedSettings
UnifiedLogin.BusinessLogic,CoreMigration/UnifiedLogin.BusinessLogic/LogicAsync/ProductAuditServiceAsync.cs,ProductAuditServiceAsync,Logic,Converted,,Async product audit service
UnifiedLogin.BusinessLogic,CoreMigration/UnifiedLogin.BusinessLogic/LogicAsync/ProductContextServiceAsync.cs,ProductContextServiceAsync,Logic,Converted,,Async product context service
UnifiedLogin.BusinessLogic,CoreMigration/UnifiedLogin.BusinessLogic/LogicAsync/ProductSettingServiceAsync.cs,ProductSettingServiceAsync,Logic,Converted,,Async product setting service
UnifiedLogin.BusinessLogic,CoreMigration/UnifiedLogin.BusinessLogic/LogicAsync/SamlAttributeServiceAsync.cs,SamlAttributeServiceAsync,Logic,Converted,,Async SAML attribute service; SamlController should inject this instead of using base class new-anti-pattern
UnifiedLogin.BusinessLogic,CoreMigration/UnifiedLogin.BusinessLogic/Services/ProductService.cs,ProductService,Logic,Converted,,Implements IProductService; used by PersonaV2Controller; replaces IManageProduct for read operations
UnifiedLogin.BusinessLogic,CoreMigration/UnifiedLogin.BusinessLogic/Services/UserService.cs,UserService,Logic,Converted,,Implements IUserService; replaces UserController new-anti-pattern; UserLoginController Task.Run() pattern
UnifiedLogin.BusinessLogic,CoreMigration/UnifiedLogin.BusinessLogic/Services/Profile/ProfileService.cs,ProfileService,Logic,Converted,,Implements IProfileService; replaces ProfileController new-anti-pattern
UnifiedLogin.BusinessLogic,CoreMigration/UnifiedLogin.BusinessLogic/Services/User/UserCreationService.cs,UserCreationService,Logic,Converted,,Implements IUserCreationService; CreateUser orchestration extracted from controller
UnifiedLogin.BusinessLogic,CoreMigration/UnifiedLogin.BusinessLogic/Services/User/UserQueryService.cs,UserQueryService,Logic,Converted,,Implements IUserQueryService; query/list operations extracted from controller
UnifiedLogin.BusinessLogic,CoreMigration/UnifiedLogin.BusinessLogic/Services/Product/ProductBatchService.cs,ProductBatchService,Logic,Converted,,Implements IProductBatchService; batch processing; BatchProcessController should inject this
UnifiedLogin.BusinessLogic,CoreMigration/UnifiedLogin.BusinessLogic/Services/Audit/UserAuditService.cs,UserAuditService,Logic,Converted,,Implements IUserAuditService; audit trail service
UnifiedLogin.BusinessLogic,CoreMigration/UnifiedLogin.BusinessLogic/Logic/ManageSecurity.cs,ManageSecurity,Logic,Not-Converted,ManageSecurityAsync,Implements IManageSecurity; sync → create IManageSecurityAsync + ManageSecurityAsync in LogicAsync/
UnifiedLogin.BusinessLogic,CoreMigration/UnifiedLogin.BusinessLogic/Logic/ManageProduct.cs,ManageProduct,Logic,Not-Converted,ProductService,Implements IManageProduct; sync → IProductService (Services/) covers most operations
UnifiedLogin.BusinessLogic,CoreMigration/UnifiedLogin.BusinessLogic/Logic/ManageBlueBook.cs,ManageBlueBook,Logic,Not-Converted,ManageBlueBookAsync,Implements IManageBlueBook (sync); superseded by ManageBlueBookAsync (LogicAsync/); IManageBlueBook DI registration preserved for backward compat
UnifiedLogin.BusinessLogic,CoreMigration/UnifiedLogin.BusinessLogic/Logic/ManageConfigurationSetting.cs,ManageConfigurationSetting,Logic,Not-Converted,ManageConfigurationSettingAsync,Implements IManageConfigurationSetting; sync → create IManageConfigurationSettingAsync + ManageConfigurationSettingAsync
UnifiedLogin.BusinessLogic,CoreMigration/UnifiedLogin.BusinessLogic/Logic/ManageContactMechanism.cs,ManageContactMechanism,Logic,Not-Converted,ManageContactMechanismAsync,Implements IManageContactMechanism; sync → create IManageContactMechanismAsync + ManageContactMechanismAsync
UnifiedLogin.BusinessLogic,CoreMigration/UnifiedLogin.BusinessLogic/Logic/ManageElectronicAddress.cs,ManageElectronicAddress,Logic,Not-Converted,ManageElectronicAddressAsync,Implements IManageElectronicAddress; sync → create IManageElectronicAddressAsync + ManageElectronicAddressAsync
UnifiedLogin.BusinessLogic,CoreMigration/UnifiedLogin.BusinessLogic/Logic/ManageCredential.cs,ManageCredential,Logic,Not-Converted,ManageCredentialAsync,Implements IManageCredential; sync → create IManageCredentialAsync + ManageCredentialAsync; also wrapped by ICredentialServiceAsync
UnifiedLogin.BusinessLogic,CoreMigration/UnifiedLogin.BusinessLogic/Logic/ManageEmail.cs,ManageEmail,Logic,Not-Converted,ManageEmailAsync,Implements IManageEmail; sync → create IManageEmailAsync + ManageEmailAsync
UnifiedLogin.BusinessLogic,CoreMigration/UnifiedLogin.BusinessLogic/Logic/ManageEmployeeAccess.cs,ManageEmployeeAccess,Logic,Not-Converted,ManageEmployeeAccessAsync,Implements IManageEmployeeAccess; sync → create IManageEmployeeAccessAsync + ManageEmployeeAccessAsync
UnifiedLogin.BusinessLogic,CoreMigration/UnifiedLogin.BusinessLogic/Logic/ManageOrganization.cs,ManageOrganization,Logic,Not-Converted,ManageOrganizationAsync,Implements IManageOrganization; sync → create IManageOrganizationAsync + ManageOrganizationAsync; also wrapped by IOrganizationServiceAsync
UnifiedLogin.BusinessLogic,CoreMigration/UnifiedLogin.BusinessLogic/Logic/ManageOrganizationProduct.cs,ManageOrganizationProduct,Logic,Not-Converted,ManageOrganizationProductAsync,Implements IManageOrganizationProduct; sync → create IManageOrganizationProductAsync + ManageOrganizationProductAsync
UnifiedLogin.BusinessLogic,CoreMigration/UnifiedLogin.BusinessLogic/Logic/ManageCustomFields.cs,ManageCustomFields,Logic,Not-Converted,ManageCustomFieldsAsync,Implements IManageCustomFields; sync → create IManageCustomFieldsAsync + ManageCustomFieldsAsync
UnifiedLogin.BusinessLogic,CoreMigration/UnifiedLogin.BusinessLogic/Logic/ManageUserLogin.cs,ManageUserLogin,Logic,Not-Converted,ManageUserLoginAsync,Implements IManageUserLogin; sync; hidden via new in multiple controllers → create IManageUserLoginAsync + ManageUserLoginAsync
UnifiedLogin.BusinessLogic,CoreMigration/UnifiedLogin.BusinessLogic/Logic/ManagePartyRelationship.cs,ManagePartyRelationship,Logic,Not-Converted,ManagePartyRelationshipAsync,Implements IManagePartyRelationship; sync → create IManagePartyRelationshipAsync + ManagePartyRelationshipAsync
UnifiedLogin.BusinessLogic,CoreMigration/UnifiedLogin.BusinessLogic/Logic/ManagePerson.cs,ManagePerson,Logic,Not-Converted,ManagePersonAsync,Implements IManagePerson; sync → create IManagePersonAsync + ManagePersonAsync
UnifiedLogin.BusinessLogic,CoreMigration/UnifiedLogin.BusinessLogic/Logic/ManagePasswordPolicy.cs,ManagePasswordPolicy,Logic,Not-Converted,ManagePasswordPolicyAsync,Implements IManagePasswordPolicy; sync; superseded by ManagePasswordPolicyAsync — kept for backward compat; IManagePasswordPolicy DI registration preserved
UnifiedLogin.BusinessLogic,CoreMigration/UnifiedLogin.BusinessLogic/Logic/ManageProfile.cs,ManageProfile,Logic,Not-Converted,ProfileService,Implements IManageProfile; sync; IProfileService (Services/) covers this; hidden via new in ProfileController
UnifiedLogin.BusinessLogic,CoreMigration/UnifiedLogin.BusinessLogic/Logic/ManageUnifiedSettings.cs,ManageUnifiedSettings,Logic,Not-Converted,ManageUnifiedSettingsAsync,Implements IManageUnifiedSettings (sync); async ManageUnifiedSettingsAsync already exists in LogicAsync/
UnifiedLogin.BusinessLogic,CoreMigration/UnifiedLogin.BusinessLogic/Logic/ManagePostalAddress.cs,ManagePostalAddress,Logic,Not-Converted,ManagePostalAddressAsync,Implements IManagePostalAddress; sync → create IManagePostalAddressAsync + ManagePostalAddressAsync
UnifiedLogin.BusinessLogic,CoreMigration/UnifiedLogin.BusinessLogic/Logic/ManageStreetAddress.cs,ManageStreetAddress,Logic,Not-Converted,ManageStreetAddressAsync,Implements IManageStreetAddress; sync → create IManageStreetAddressAsync + ManageStreetAddressAsync
UnifiedLogin.BusinessLogic,CoreMigration/UnifiedLogin.BusinessLogic/Logic/ManageUnifiedLogin.cs,ManageUnifiedLogin,Logic,Not-Converted,ManageUnifiedLoginAsync,Implements IManageUnifiedLogin (sync); async ManageUnifiedLoginAsync already exists in LogicAsync/; hidden via new in UnifiedLoginController
UnifiedLogin.BusinessLogic,CoreMigration/UnifiedLogin.BusinessLogic/Logic/Product/ManageProductOneSite.cs,ManageProductOneSite,Logic,Not-Converted,ManageProductOneSiteAsync,Implements IManageProductOneSite; sync → create IManageProductOneSiteAsync + ManageProductOneSiteAsync
UnifiedLogin.BusinessLogic,CoreMigration/UnifiedLogin.BusinessLogic/Logic/Product/ManageProductOneSiteAccounting.cs,ManageProductOneSiteAccounting,Logic,Not-Converted,ManageProductOneSiteAccountingAsync,Implements IManageProductOneSiteAccounting; sync → create IManageProductOneSiteAccountingAsync + ManageProductOneSiteAccountingAsync
UnifiedLogin.BusinessLogic,CoreMigration/UnifiedLogin.BusinessLogic/Logic/Product/ManageProductOps.cs,ManageProductOps,Logic,Not-Converted,ManageProductOpsAsync,Implements IManageProductOps; sync → create IManageProductOpsAsync + ManageProductOpsAsync
UnifiedLogin.BusinessLogic,CoreMigration/UnifiedLogin.BusinessLogic/Logic/Product/ManageProductPanel.cs,ManageProductPanel,Logic,Not-Converted,ManageProductPanelAsync,Implements IManageProductPanel; sync → create IManageProductPanelAsync + ManageProductPanelAsync
UnifiedLogin.BusinessLogic,CoreMigration/UnifiedLogin.BusinessLogic/Logic/Product/ManageProductMarketingCenter.cs,ManageProductMarketingCenter,Logic,Not-Converted,ManageProductMarketingCenterAsync,Implements IManageProductMarketingCenter; sync; 16 sync IActionResult actions → create IManageProductMarketingCenterAsync + ManageProductMarketingCenterAsync; all actions become Task<IActionResult>
UnifiedLogin.BusinessLogic,CoreMigration/UnifiedLogin.BusinessLogic/Logic/Product/ManageProductRPDocumentManagement.cs,ManageProductRPDocumentManagement,Logic,Not-Converted,ManageProductRPDocumentManagementAsync,Implements IManageProductRPDocumentManagement; sync → create IManageProductRPDocumentManagementAsync + ManageProductRPDocumentManagementAsync
UnifiedLogin.BusinessLogic,CoreMigration/UnifiedLogin.BusinessLogic/Logic/TwoFactorLogic.cs,TwoFactorLogic,Logic,Not-Converted,TwoFactorLogicAsync,Implements ITwoFactorLogic; sync → create ITwoFactorLogicAsync + TwoFactorLogicAsync
UnifiedLogin.BusinessLogic,CoreMigration/UnifiedLogin.BusinessLogic/Logic/ManageHotsCloneUsers.cs,ManageHotsCloneUsers,Logic,Not-Converted,ManageHotsCloneUsersAsync,Implements IManageHotsCloneUsers; hidden via new in WebHookController → create IManageHotsCloneUsersAsync + ManageHotsCloneUsersAsync
UnifiedLogin.BusinessLogic,CoreMigration/UnifiedLogin.BusinessLogic/LogicAsync/ManageSecurityAsync.cs,ManageSecurityAsync,Logic,Not-Converted,,PLANNED: create IManageSecurityAsync + ManageSecurityAsync in LogicAsync/; deps: ISecuritySettingsRepositoryAsync; replaces IManageSecurity
UnifiedLogin.BusinessLogic,CoreMigration/UnifiedLogin.BusinessLogic/LogicAsync/ManageConfigurationSettingAsync.cs,ManageConfigurationSettingAsync,Logic,Not-Converted,,PLANNED: create IManageConfigurationSettingAsync + ManageConfigurationSettingAsync in LogicAsync/; deps: IConfigurationSettingRepositoryAsync
UnifiedLogin.BusinessLogic,CoreMigration/UnifiedLogin.BusinessLogic/LogicAsync/ManageContactMechanismAsync.cs,ManageContactMechanismAsync,Logic,Not-Converted,,PLANNED: create IManageContactMechanismAsync + ManageContactMechanismAsync in LogicAsync/; deps: IContactMechanismRepositoryAsync
UnifiedLogin.BusinessLogic,CoreMigration/UnifiedLogin.BusinessLogic/LogicAsync/ManageElectronicAddressAsync.cs,ManageElectronicAddressAsync,Logic,Not-Converted,,PLANNED: create IManageElectronicAddressAsync + ManageElectronicAddressAsync; deps: IElectronicAddressRepositoryAsync + IContactMechanismRepositoryAsync
UnifiedLogin.BusinessLogic,CoreMigration/UnifiedLogin.BusinessLogic/LogicAsync/ManageCredentialAsync.cs,ManageCredentialAsync,Logic,Not-Converted,,PLANNED: create IManageCredentialAsync + ManageCredentialAsync; deps: ICredentialRepositoryAsync + IUserLoginRepositoryAsync
UnifiedLogin.BusinessLogic,CoreMigration/UnifiedLogin.BusinessLogic/LogicAsync/ManageEmailAsync.cs,ManageEmailAsync,Logic,Not-Converted,,PLANNED: create IManageEmailAsync + ManageEmailAsync; deps: IEmailRepositoryAsync + ICommunicationEventRepositoryAsync
UnifiedLogin.BusinessLogic,CoreMigration/UnifiedLogin.BusinessLogic/LogicAsync/ManageEmployeeAccessAsync.cs,ManageEmployeeAccessAsync,Logic,Not-Converted,,PLANNED: create IManageEmployeeAccessAsync + ManageEmployeeAccessAsync; deps: IPersonaRepositoryAsync + ISecuritySettingsRepositoryAsync
UnifiedLogin.BusinessLogic,CoreMigration/UnifiedLogin.BusinessLogic/LogicAsync/ManageOrganizationAsync.cs,ManageOrganizationAsync,Logic,Not-Converted,,PLANNED: create IManageOrganizationAsync + ManageOrganizationAsync; deps: IOrganizationRepositoryAsync; used by 7+ controllers
UnifiedLogin.BusinessLogic,CoreMigration/UnifiedLogin.BusinessLogic/LogicAsync/ManageOrganizationProductAsync.cs,ManageOrganizationProductAsync,Logic,Not-Converted,,PLANNED: create IManageOrganizationProductAsync + ManageOrganizationProductAsync; deps: IOrganizationProductRepositoryAsync
UnifiedLogin.BusinessLogic,CoreMigration/UnifiedLogin.BusinessLogic/LogicAsync/ManageCustomFieldsAsync.cs,ManageCustomFieldsAsync,Logic,Not-Converted,,PLANNED: create IManageCustomFieldsAsync + ManageCustomFieldsAsync; deps: ICustomFieldsRepositoryAsync
UnifiedLogin.BusinessLogic,CoreMigration/UnifiedLogin.BusinessLogic/LogicAsync/ManageUserLoginAsync.cs,ManageUserLoginAsync,Logic,Not-Converted,,PLANNED: create IManageUserLoginAsync + ManageUserLoginAsync; deps: IUserLoginRepositoryAsync + IUserLoginPersonaRepositoryAsync; replaces new-anti-pattern in 4+ controllers
UnifiedLogin.BusinessLogic,CoreMigration/UnifiedLogin.BusinessLogic/LogicAsync/ManagePartyRelationshipAsync.cs,ManagePartyRelationshipAsync,Logic,Not-Converted,,PLANNED: create IManagePartyRelationshipAsync + ManagePartyRelationshipAsync; deps: IPartyRelationshipRepositoryAsync
UnifiedLogin.BusinessLogic,CoreMigration/UnifiedLogin.BusinessLogic/LogicAsync/ManagePersonAsync.cs,ManagePersonAsync,Logic,Not-Converted,,PLANNED: create IManagePersonAsync + ManagePersonAsync; deps: IPersonRepositoryAsync; used by 6+ controllers
UnifiedLogin.BusinessLogic,CoreMigration/UnifiedLogin.BusinessLogic/LogicAsync/ManagePasswordPolicyAsync.cs,ManagePasswordPolicyAsync,Logic,Converted,IManagePasswordPolicyAsync,Created; implements IManagePasswordPolicyAsync; deps: IPasswordPolicyRepositoryAsync; single DI ctor; InvalidOperationException caught in GetPasswordPolicyAsync to preserve null-check contract; registered in AddLogicAsyncServices()
UnifiedLogin.BusinessLogic,CoreMigration/UnifiedLogin.BusinessLogic/LogicAsync/ManagePostalAddressAsync.cs,ManagePostalAddressAsync,Logic,Not-Converted,,PLANNED: create IManagePostalAddressAsync + ManagePostalAddressAsync; deps: IPostalAddressRepositoryAsync + IStreetAddressRepositoryAsync + IGeographicBoundaryRepositoryAsync
UnifiedLogin.BusinessLogic,CoreMigration/UnifiedLogin.BusinessLogic/LogicAsync/ManageStreetAddressAsync.cs,ManageStreetAddressAsync,Logic,Not-Converted,,PLANNED: create IManageStreetAddressAsync + ManageStreetAddressAsync; deps: IStreetAddressRepositoryAsync
UnifiedLogin.BusinessLogic,CoreMigration/UnifiedLogin.BusinessLogic/LogicAsync/ManageProductOneSiteAsync.cs,ManageProductOneSiteAsync,Logic,Converted,,Task.FromResult stepping-stone for 6 per-call userClaim operations (GetRolesAsync/GetPropertiesAsync/GetRegionsAsync/GetMigrationUsersAsync/UpdateUsersMigrationStatusAsync/ChangeUserStatusAsync)
UnifiedLogin.BusinessLogic,CoreMigration/UnifiedLogin.BusinessLogic/LogicAsync/ManageProductOneSiteAccountingAsync.cs,ManageProductOneSiteAccountingAsync,Logic,Converted,,Task.FromResult stepping-stone for 7 per-call userClaim operations
UnifiedLogin.BusinessLogic,CoreMigration/UnifiedLogin.BusinessLogic/LogicAsync/ManageProductOpsAsync.cs,ManageProductOpsAsync,Logic,Converted,,Task.FromResult stepping-stone for GetMigrationUsersAsync (per-call userClaim operation)
UnifiedLogin.BusinessLogic,CoreMigration/UnifiedLogin.BusinessLogic/LogicAsync/ManageProductProspectContactAsync.cs,ManageProductProspectContactAsync,Logic,Converted,,Task.FromResult stepping-stone for 4 per-call userClaim operations (GetPropertiesAsync/ChangeUserStatusAsync/GetMigrationUsersAsync/UpdateUsersMigrationStatusAsync)
UnifiedLogin.BusinessLogic,CoreMigration/UnifiedLogin.BusinessLogic/LogicAsync/ManageProductPanelAsync.cs,ManageProductPanelAsync,Logic,Not-Converted,,PLANNED: create IManageProductPanelAsync + ManageProductPanelAsync; deps: product panel async repository; IDistributedCache → IMemoryCache
UnifiedLogin.BusinessLogic,CoreMigration/UnifiedLogin.BusinessLogic/LogicAsync/ManageProductMarketingCenterAsync.cs,ManageProductMarketingCenterAsync,Logic,Converted,,Task.FromResult stepping-stone for 15 operations; out-param ManageMarketingCenterUser encapsulated as tuple return
UnifiedLogin.BusinessLogic,CoreMigration/UnifiedLogin.BusinessLogic/LogicAsync/ManageProductRPDocumentManagementAsync.cs,ManageProductRPDocumentManagementAsync,Logic,Converted,,Task.FromResult stepping-stone for GetMigrationUsersAsync (per-call userClaim operation; all other RPDM ops remain on sync IManageProductRPDocumentManagement)
UnifiedLogin.BusinessLogic,CoreMigration/UnifiedLogin.BusinessLogic/LogicAsync/ManageProductRentersInsuranceAsync.cs,ManageProductRentersInsuranceAsync,Logic,Converted,,Task.FromResult stepping-stone for 5 per-call userClaim operations (ListPropertiesAsync/ListRolesAsync/GetMigrationUsersAsync/UpdateUsersMigrationStatusAsync/ChangeUserStatusAsync)
UnifiedLogin.BusinessLogic,CoreMigration/UnifiedLogin.BusinessLogic/LogicAsync/ManageProductResidentPortalAsync.cs,ManageProductResidentPortalAsync,Logic,Converted,,Task.FromResult stepping-stone for 10 per-call userClaim operations (ListProperties/GetNotificationSettings/GetUser/SetLevelAndGroupObjects/ListLevels/ListMessageGroups/ListTitles/GetMigrationUsers/UpdateUsersMigrationStatus/DeleteUser)
UnifiedLogin.BusinessLogic,CoreMigration/UnifiedLogin.BusinessLogic/LogicAsync/ManageProductRumAsync.cs,ManageProductRumAsync,Logic,Converted,,Task.FromResult stepping-stone for 7 per-call userClaim operations (GetRoles/GetProperties/GetRegions/GetPropertyGroups/GetMigrationUsers/UpdateUsersMigrationStatus/ChangeUserStatus)
UnifiedLogin.BusinessLogic,CoreMigration/UnifiedLogin.BusinessLogic/LogicAsync/ManageProductUserAsync.cs,ManageProductUserAsync,Logic,Converted,,Task.FromResult stepping-stone for 4 per-call userClaim operations (CreateProductUser/UpdateProductUserAccountDetails/DeleteSamlUserProductInfoAndStatus/GetProductStatuses)
UnifiedLogin.BusinessLogic,CoreMigration/UnifiedLogin.BusinessLogic/LogicAsync/TwoFactorLogicAsync.cs,TwoFactorLogicAsync,Logic,Not-Converted,,PLANNED: create ITwoFactorLogicAsync + TwoFactorLogicAsync; deps: ITwoFactorRepositoryAsync
UnifiedLogin.BusinessLogic,CoreMigration/UnifiedLogin.BusinessLogic/LogicAsync/ManageHotsCloneUsersAsync.cs,ManageHotsCloneUsersAsync,Logic,Not-Converted,,PLANNED: create IManageHotsCloneUsersAsync + ManageHotsCloneUsersAsync; deps: IHOTSCloneUserRepositoryAsync
UnifiedLogin.BusinessLogic,CoreMigration/UnifiedLogin.BusinessLogic/Services/OrganizationServiceAsync.cs,OrganizationServiceAsync,Logic,Not-Converted,,PLANNED: create IOrganizationServiceAsync + OrganizationServiceAsync in Services/; Aspose Excel export extracted here; Parallel.ForEach → Task.WhenAll; deps: IManageOrganizationAsync + IManageOrganizationProductAsync + IManagePersonaAsync + IManageCustomFieldsAsync + IProductService
UnifiedLogin.BusinessLogic,CoreMigration/UnifiedLogin.BusinessLogic/Services/WebHookServiceAsync.cs,WebHookServiceAsync,Logic,Not-Converted,,PLANNED: create IWebHookServiceAsync + WebHookServiceAsync in Services/; HMAC validation + topic dispatch extracted; System.Runtime.Caching → IMemoryCache; Task.Run() removed; deps: IManageOrganizationAsync + IManageBlueBookAsync + IManageHotsCloneUsersAsync
UnifiedLogin.BusinessLogic,CoreMigration/UnifiedLogin.BusinessLogic/Services/UnifiedLoginServiceAsync.cs,UnifiedLoginServiceAsync,Logic,Not-Converted,,PLANNED: create IUnifiedLoginServiceAsync + UnifiedLoginServiceAsync in Services/; RecreateClaimsForClient deduplicated; ClaimsPrincipal.Current → IHttpContextAccessor; deps: IManageUnifiedLoginAsync + IManageOrganizationAsync + IManageUserLoginAsync
UnifiedLogin.BusinessLogic,CoreMigration/UnifiedLogin.BusinessLogic/Services/CredentialServiceAsync.cs,CredentialServiceAsync,Logic,Not-Converted,,PLANNED: create ICredentialServiceAsync + CredentialServiceAsync in Services/; orchestrates 13 CredentialController actions; deps: IManageCredentialAsync + IUserLoginRepositoryAsync + IManageEmailAsync
UnifiedLogin.BusinessLogic,CoreMigration/UnifiedLogin.BusinessLogic/Services/ProductAccessServiceAsync.cs,ProductAccessServiceAsync,Logic,Not-Converted,,PLANNED: create IProductAccessServiceAsync + ProductAccessServiceAsync in Services/; product access + SAML + IIntegrationTypeFactory; deps: IProductService + ISamlRepositoryAsync + IProductRepositoryAsync + IManagePersonaAsync + IMemoryCache + IHttpClientFactory
UnifiedLogin.DataAccess,CoreMigration/UnifiedLogin.BusinessLogic/Repository/ContactMechanismRepository.cs,ContactMechanismRepository,Repository,Not-Converted,ContactMechanismRepositoryAsync,Sync; IContactMechanismRepositoryAsync + ContactMechanismRepositoryAsync already exist — controllers must switch to async
UnifiedLogin.DataAccess,CoreMigration/UnifiedLogin.BusinessLogic/Repository/ContactMechanismUsageTypeRepository.cs,ContactMechanismUsageTypeRepository,Repository,Not-Converted,ContactMechanismUsageTypeRepositoryAsync,Sync; IContactMechanismUsageTypeRepositoryAsync + ContactMechanismUsageTypeRepositoryAsync already exist
UnifiedLogin.DataAccess,CoreMigration/UnifiedLogin.BusinessLogic/Repository/ElectronicAddressRepository.cs,ElectronicAddressRepository,Repository,Not-Converted,ElectronicAddressRepositoryAsync,Sync; IElectronicAddressRepositoryAsync + ElectronicAddressRepositoryAsync already exist
UnifiedLogin.DataAccess,CoreMigration/UnifiedLogin.BusinessLogic/Repository/UserLoginRepository.cs,UserLoginRepository,Repository,Not-Converted,UserLoginRepositoryAsync,Sync; IUserLoginRepositoryAsync + UserLoginRepositoryAsync already exist; injected directly in CredentialController + ProductController
UnifiedLogin.DataAccess,CoreMigration/UnifiedLogin.BusinessLogic/Repository/PartyRelationshipRepository.cs,PartyRelationshipRepository,Repository,Not-Converted,PartyRelationshipRepositoryAsync,Sync; superseded by PartyRelationshipRepositoryAsync — controller now uses async version; IPartyRelationshipRepository DI registration preserved for other consumers
UnifiedLogin.DataAccess,CoreMigration/UnifiedLogin.BusinessLogic/Repository/PostalAddressRepository.cs,PostalAddressRepository,Repository,Not-Converted,PostalAddressRepositoryAsync,Sync; IPostalAddressRepositoryAsync + PostalAddressRepositoryAsync already exist
UnifiedLogin.DataAccess,CoreMigration/UnifiedLogin.BusinessLogic/Repository/PreferredContactMethodRepository.cs,PreferredContactMethodRepository,Repository,Not-Converted,PreferredContactMethodRepositoryAsync,Sync; IPreferredContactMethodRepositoryAsync + PreferredContactMethodRepositoryAsync already exist; injected directly in PreferredContactMethodController
UnifiedLogin.DataAccess,CoreMigration/UnifiedLogin.BusinessLogic/Repository/ProductRepository.cs,ProductRepository,Repository,Not-Converted,ProductRepositoryAsync,Sync; IProductRepositoryAsync + ProductRepositoryAsync already exist; injected in ProductController + ProductInvokerController
UnifiedLogin.BusinessLogic,CoreMigration/UnifiedLogin.BusinessLogic/Repository/PasswordPolicyRepositoryAsync.cs,PasswordPolicyRepositoryAsync,Repository,Converted,,Already existed; implements IPasswordPolicyRepositoryAsync; Dapper async; CreatePasswordPolicyAsync + GetPasswordPolicyAsync + UpdatePasswordPolicyAsync; used by ManagePasswordPolicyAsync
UnifiedLogin.DataAccess,CoreMigration/UnifiedLogin.BusinessLogic/Repository/ProductInternalSettingRepository.cs,ProductInternalSettingRepository,Repository,Not-Converted,ProductInternalSettingRepositoryAsync,Sync; IProductInternalSettingRepositoryAsync + ProductInternalSettingRepositoryAsync already exist; injected in OrganizationController + PersonaController
UnifiedLogin.DataAccess,CoreMigration/UnifiedLogin.BusinessLogic/Repository/SamlRepository.cs,SamlRepository,Repository,Not-Converted,SamlRepositoryAsync,Sync; ISamlRepositoryAsync + SamlRepositoryAsync already exist; injected in ProductController
UnifiedLogin.DataAccess,CoreMigration/UnifiedLogin.BusinessLogic/Repository/OrganizationRepository.cs,OrganizationRepository,Repository,Not-Converted,OrganizationRepositoryAsync,Sync; IOrganizationRepositoryAsync + OrganizationRepositoryAsync already exist; hidden via new in WebHookController
UnifiedLogin.DataAccess,CoreMigration/UnifiedLogin.BusinessLogic/Repository/OrganizationProductRepository.cs,OrganizationProductRepository,Repository,Not-Converted,OrganizationProductRepositoryAsync,Sync; IOrganizationProductRepositoryAsync + OrganizationProductRepositoryAsync already exist; hidden via new in WebHookController
UnifiedLogin.DataAccess,CoreMigration/UnifiedLogin.BusinessLogic/Repository/UserRepository.cs,UserRepository,Repository,Not-Converted,UserRepositoryAsync,Sync; IUserRepositoryAsync + UserRepositoryAsync already exist; used internally by UserService/UserCreationService
UnifiedLogin.DataAccess,CoreMigration/UnifiedLogin.BusinessLogic/Repository/UserPropertiesSyncRepository.cs,UserPropertiesSyncRepository,Repository,Not-Converted,,Sync only — no async counterpart found; add async methods or merge into IUserRepositoryAsync; used by UserPropertiesSyncController
UnifiedLogin.BusinessLogic,CoreMigration/UnifiedLogin.BusinessLogic/LogicAsync/ManageProductVendorServicesAsync.cs,ManageProductVendorServicesAsync,LogicAsync,Converted,IManageProductVendorServicesAsync,New stepping-stone: Task.FromResult wrappers for all 7 ManageProductVendorServices methods; encapsulates per-call new ManageProductVendorServices(userClaim)
UnifiedLogin.BusinessLogic,CoreMigration/UnifiedLogin.BusinessLogic/LogicAsync/ManageRelationshipTypeAsync.cs,ManageRelationshipTypeAsync,LogicAsync,Converted,IManageRelationshipTypeAsync,New stepping-stone: Task.FromResult wrappers for GetRelationshipType and GetUserRelationShipTypes; encapsulates per-call new ManageRelationshipType(userClaim)
UnifiedLogin.BusinessLogic,CoreMigration/UnifiedLogin.BusinessLogic/LogicAsync/ManageRoleTypeAsync.cs,ManageRoleTypeAsync,LogicAsync,Converted,IManageRoleTypeAsync,New stepping-stone: wraps ManageRoleType + ProfileRepository; depends on IManageRelationshipTypeAsync for includeRelationShips; conditional User Role branch logic moved from controller
UnifiedLogin.BusinessLogic,CoreMigration/UnifiedLogin.BusinessLogic/LogicAsync/ManageProfileAsync.cs,ManageProfileAsync,LogicAsync,Converted,IManageProfileAsync,New stepping-stone: multi-service orchestration for 4 profile actions; GetProfileDetailOrganizations returns bool (bug preserved); GetProfileDetailAsync builds full IProfileDetail
